Date,Day,Tithi,Festival
23-Mar,Fri,Chaitra Shukla 1,Navreh
24-Mar,Sat,Chaitra Shukla 2,
25-Mar,Sun,Chaitra Shukla 3,Zang Trey
26-Mar,Mon,Chaitra Shukla 4,
27-Mar,Tue,Chaitra Shukla 5,
28-Mar,Wed,Chaitra Shukla 5,Kumar Shashthi
29-Mar,Thu,Chaitra Shukla 6,
30-Mar,Fri,Chaitra Shukla 7,
31-Mar,Sat,Chaitra Shukla 8,Durgashtami
1-Apr,Sun,Chaitra Shukla 9,Ramnavmi
2-Apr,Mon,Chaitra Shukla 10,
3-Apr,Tue,Chaitra Shukla 11,
4-Apr,Wed,Chaitra Shukla 12,
5-Apr,Thu,Chaitra Shukla 13,
6-Apr,Fri,Chaitra Purnima,
7-Apr,Sat,Vaishakh Krishna 1,
8-Apr,Sun,Vaishakh Krishna 2,
9-Apr,Mon,Vaishakh Krishna 3,
10-Apr,Tue,Vaishakh Krishna 4,
11-Apr,Wed,Vaishakh Krishna 5,
12-Apr,Thu,Vaishakh Krishna 6,
13-Apr,Fri,Vaishakh Krishna 8,"Baisakhi, Sankranti"
14-Apr,Sat,Vaishakh Krishna 9,
15-Apr,Sun,Vaishakh Krishna 10,
16-Apr,Mon,Vaishakh Krishna 11,
17-Apr,Tue,Vaishakh Krishna 12,
18-Apr,Wed,Vaishakh Krishna 12,
19-Apr,Thu,Vaishakh Krishna 13,
20-Apr,Fri,Vaishakh Krishna 14,
21-Apr,Sat,Vaishakh Amavasya,
22-Apr,Sun,Vaishakh Shukla 1,
23-Apr,Mon,Vaishakh Shukla 2,
24-Apr,Tue,Vaishakh Shukla 3,
25-Apr,Wed,Vaishakh Shukla 4,
26-Apr,Thu,Vaishakh Shukla 5,
27-Apr,Fri,Vaishakh Shukla 6,
28-Apr,Sat,Vaishakh Shukla 7,
29-Apr,Sun,Vaishakh Shukla 8,
30-Apr,Mon,Vaishakh Shukla 9,
1-May,Tue,Vaishakh Shukla 10,
2-May,Wed,Vaishakh Shukla 11,
3-May,Thu,Vaishakh Shukla 12,
4-May,Fri,Vaishakh Shukla 13,
5-May,Sat,Vaishakh Shukla 14,Gan Tsodah
6-May,Sun,Vaishakh Purnima,
7-May,Mon,Jyeshtha Krishna 2,
8-May,Tue,Jyeshtha Krishna 3,
9-May,Wed,Jyeshtha Krishna 4,
10-May,Thu,Jyeshtha Krishna 5,
11-May,Fri,Jyeshtha Krishna 6,
12-May,Sat,Jyeshtha Krishna 7,
13-May,Sun,Jyeshtha Krishna 8,
14-May,Mon,Jyeshtha Krishna 9,Sankranti
15-May,Tue,Jyeshtha Krishna 10,
16-May,Wed,Jyeshtha Krishna 11,
17-May,Thu,Jyeshtha Krishna 12,
18-May,Fri,Jyeshtha Krishna 13,
19-May,Sat,Jyeshtha Krishna 14,
20-May,Sun,Jyeshtha Amavasya,
21-May,Mon,Jyeshtha Shukla 1,
22-May,Tue,Jyeshtha Shukla 1,
23-May,Wed,Jyeshtha Shukla 2,
24-May,Thu,Jyeshtha Shukla 3,
25-May,Fri,Jyeshtha Shukla 4,
26-May,Sat,Jyeshtha Shukla 5,
27-May,Sun,Jyeshtha Shukla 6,
28-May,Mon,Jyeshtha Shukla 7,
29-May,Tue,Jyeshtha Shukla 8,Zeth-atham
30-May,Wed,Jyeshtha Shukla 9,
31-May,Thu,Jyeshtha Shukla 10,
1-Jun,Fri,Jyeshtha Shukla 11,Nirjala Kah
2-Jun,Sat,Jyeshtha Shukla 13,
3-Jun,Sun,Jyeshtha Shukla 14,
4-Jun,Mon,Jyeshtha Purnima,
5-Jun,Tue,Ashadh Krishna 1,
6-Jun,Wed,Ashadh Krishna 2,
7-Jun,Thu,Ashadh Krishna 3,
8-Jun,Fri,Ashadh Krishna 5,
9-Jun,Sat,Ashadh Krishna 6,
10-Jun,Sun,Ashadh Krishna 7,
11-Jun,Mon,Ashadh Krishna 8,
12-Jun,Tue,Ashadh Krishna 9,
13-Jun,Wed,Ashadh Krishna 9,
14-Jun,Thu,Ashadh Krishna 10,Sankranti
15-Jun,Fri,Ashadh Krishna 11,
16-Jun,Sat,Ashadh Krishna 12,
17-Jun,Sun,Ashadh Krishna 13,
18-Jun,Mon,Ashadh Krishna 14,
19-Jun,Tue,Ashadh Amavasya,
20-Jun,Wed,Ashadh Shukla 1,
21-Jun,Thu,Ashadh Shukla 2,
22-Jun,Fri,Ashadh Shukla 3,
23-Jun,Sat,Ashadh Shukla 4,
24-Jun,Sun,Ashadh Shukla 5,
25-Jun,Mon,Ashadh Shukla 6,
26-Jun,Tue,Ashadh Shukla 7,
27-Jun,Wed,Ashadh Shukla 8,Har Atham
28-Jun,Thu,Ashadh Shukla 9,Har Navam
29-Jun,Fri,Ashadh Shukla 10,
30-Jun,Sat,Ashadh Shukla 11,
1-Jul,Sun,Ashadh Shukla 12,
2-Jul,Mon,Ashadh Shukla 13,
3-Jul,Tue,Ashadh Purnima,Guru Purnima
4-Jul,Wed,Shravan Krishna 1,
5-Jul,Thu,Shravan Krishna 2,
6-Jul,Fri,Shravan Krishna 3,
7-Jul,Sat,Shravan Krishna 4,
8-Jul,Sun,Shravan Krishna 5,
9-Jul,Mon,Shravan Krishna 6,
10-Jul,Tue,Shravan Krishna 7,
11-Jul,Wed,Shravan Krishna 8,
12-Jul,Thu,Shravan Krishna 9,
13-Jul,Fri,Shravan Krishna 10,
14-Jul,Sat,Shravan Krishna 11,
15-Jul,Sun,Shravan Krishna 12,
16-Jul,Mon,Shravan Krishna 12,Sankranti
17-Jul,Tue,Shravan Krishna 13,
18-Jul,Wed,Shravan Krishna 14,
19-Jul,Thu,Shravan Amavasya,
20-Jul,Fri,Shravan Shukla 1,
21-Jul,Sat,Shravan Shukla 2,
22-Jul,Sun,Shravan Shukla 3,
23-Jul,Mon,Shravan Shukla 4,
24-Jul,Tue,Shravan Shukla 5,
25-Jul,Wed,Shravan Shukla 7,
26-Jul,Thu,Shravan Shukla 8,
27-Jul,Fri,Shravan Shukla 9,
28-Jul,Sat,Shravan Shukla 10,
29-Jul,Sun,Shravan Shukla 11,
30-Jul,Mon,Shravan Shukla 12,
31-Jul,Tue,Shravan Shukla 13,
1-Aug,Wed,Shravan Shukla 14,
2-Aug,Thu,Shravan Purnima,Raksha Bandhan
3-Aug,Fri,Bhadra Krishna 1,
4-Aug,Sat,Bhadra Krishna 2,
5-Aug,Sun,Bhadra Krishna 3,
6-Aug,Mon,Bhadra Krishna 4,
7-Aug,Tue,Bhadra Krishna 5,Chandan Shashti
8-Aug,Wed,Bhadra Krishna 6,
9-Aug,Thu,Bhadra Krishna 7,Janmashtami
10-Aug,Fri,Bhadra Krishna 8,
11-Aug,Sat,Bhadra Krishna 9,
12-Aug,Sun,Bhadra Krishna 10,
13-Aug,Mon,Bhadra Krishna 11,
14-Aug,Tue,Bhadra Krishna 12,
15-Aug,Wed,Bhadra Krishna 13,
16-Aug,Thu,Bhadra Krishna 14,Sankranti
17-Aug,Fri,Bhadra Amavasya,
18-Aug,Sat,Bhadra2 Shukla 1,
19-Aug,Sun,Bhadra2 Shukla 2,
20-Aug,Mon,Bhadra2 Shukla 3,
21-Aug,Tue,Bhadra2 Shukla 4,
22-Aug,Wed,Bhadra2 Shukla 5,
23-Aug,Thu,Bhadra2 Shukla 6,
24-Aug,Fri,Bhadra2 Shukla 7,
25-Aug,Sat,Bhadra2 Shukla 8,
26-Aug,Sun,Bhadra2 Shukla 10,
27-Aug,Mon,Bhadra2 Shukla 11,
28-Aug,Tue,Bhadra2 Shukla 12,
29-Aug,Wed,Bhadra2 Shukla 13,
30-Aug,Thu,Bhadra2 Shukla 14,
31-Aug,Fri,Bhadra2 Purnima,
1-Sep,Sat,Bhadra2 Krishna 1,
2-Sep,Sun,Bhadra2 Krishna 2,
3-Sep,Mon,Bhadra2 Krishna 3,
4-Sep,Tue,Bhadra2 Krishna 4,
5-Sep,Wed,Bhadra2 Krishna 5,
6-Sep,Thu,Bhadra2 Krishna 6,
7-Sep,Fri,Bhadra2 Krishna 7,
8-Sep,Sat,Bhadra2 Krishna 8,
9-Sep,Sun,Bhadra2 Krishna 8,
10-Sep,Mon,Bhadra2 Krishna 9,
11-Sep,Tue,Bhadra2 Krishna 10,
12-Sep,Wed,Bhadra2 Krishna 11,
13-Sep,Thu,Bhadra2 Krishna 12,
14-Sep,Fri,Bhadra2 Krishna 13,
15-Sep,Sat,Bhadra2 Krishna 14,
16-Sep,Sun,Bhadra2 Amavasya,Sankranti
17-Sep,Mon,Bhadra Shukla 2,
18-Sep,Tue,Bhadra Shukla 3,
19-Sep,Wed,Bhadra Shukla 4,Vinayak Chaturthi
20-Sep,Thu,Bhadra Shukla 5,
21-Sep,Fri,Bhadra Shukla 6,
22-Sep,Sat,Bhadra Shukla 7,
23-Sep,Sun,Bhadra Shukla 8,
24-Sep,Mon,Bhadra Shukla 9,
25-Sep,Tue,Bhadra Shukla 10,
26-Sep,Wed,Bhadra Shukla 11,
27-Sep,Thu,Bhadra Shukla 12,
28-Sep,Fri,Bhadra Shukla 13,
29-Sep,Sat,Bhadra Shukla 14,
30-Sep,Sun,Bhadra Purnima,Pitrapaksha starts
1-Oct,Mon,Ashwin Krishna 1,
2-Oct,Tue,Ashwin Krishna 2,
3-Oct,Wed,Ashwin Krishna 3,
4-Oct,Thu,Ashwin Krishna 4,
5-Oct,Fri,Ashwin Krishna 5,
6-Oct,Sat,Ashwin Krishna 6,
7-Oct,Sun,Ashwin Krishna 7,
8-Oct,Mon,Ashwin Krishna 8,
9-Oct,Tue,Ashwin Krishna 9,
10-Oct,Wed,Ashwin Krishna 10,
11-Oct,Thu,Ashwin Krishna 11,
12-Oct,Fri,Ashwin Krishna 12,
13-Oct,Sat,Ashwin Krishna 13,
14-Oct,Sun,Ashwin Krishna 14,
15-Oct,Mon,Ashwin Amavasya,Pitramavasi
16-Oct,Tue,Ashwin Shukla 1,"Navratras begin, Sankranti"
17-Oct,Wed,Ashwin Shukla 2,
18-Oct,Thu,Ashwin Shukla 3,
19-Oct,Fri,Ashwin Shukla 5,
20-Oct,Sat,Ashwin Shukla 6,
21-Oct,Sun,Ashwin Shukla 7,
22-Oct,Mon,Ashwin Shukla 8,Durgaashtami
23-Oct,Tue,Ashwin Shukla 9,Navratras end
24-Oct,Wed,Ashwin Shukla 10,Vijayadashmi
25-Oct,Thu,Ashwin Shukla 11,
26-Oct,Fri,Ashwin Shukla 12,
27-Oct,Sat,Ashwin Shukla 13,
28-Oct,Sun,Ashwin Shukla 14,
29-Oct,Mon,Ashwin Purnima,
30-Oct,Tue,Kartik Krishna 1,
31-Oct,Wed,Kartik Krishna 2,
1-Nov,Thu,Kartik Krishna 3,
2-Nov,Fri,Kartik Krishna 3,
3-Nov,Sat,Kartik Krishna 4,
4-Nov,Sun,Kartik Krishna 5,
5-Nov,Mon,Kartik Krishna 6,
6-Nov,Tue,Kartik Krishna 7,
7-Nov,Wed,Kartik Krishna 8,
8-Nov,Thu,Kartik Krishna 9,
9-Nov,Fri,Kartik Krishna 10,
10-Nov,Sat,Kartik Krishna 11,
11-Nov,Sun,Kartik Krishna 12,
12-Nov,Mon,Kartik Krishna 13,
13-Nov,Tue,Kartik Krishna 14,Diwali
14-Nov,Wed,Kartik Shukla 1,
15-Nov,Thu,Kartik Shukla 2,Sankranti
16-Nov,Fri,Kartik Shukla 3,
17-Nov,Sat,Kartik Shukla 4,
18-Nov,Sun,Kartik Shukla 5,
19-Nov,Mon,Kartik Shukla 6,
20-Nov,Tue,Kartik Shukla 7,
21-Nov,Wed,Kartik Shukla 8,
22-Nov,Thu,Kartik Shukla 9,
23-Nov,Fri,Kartik Shukla 10,
24-Nov,Sat,Kartik Shukla 11,
25-Nov,Sun,Kartik Shukla 12,
26-Nov,Mon,Kartik Shukla 13,
27-Nov,Tue,Kartik Shukla 14,
28-Nov,Wed,Kartik Purnima,
29-Nov,Thu,Marg Krishna 1,
30-Nov,Fri,Marg Krishna 2,
1-Dec,Sat,Marg Krishna 3,
2-Dec,Sun,Marg Krishna 4,
3-Dec,Mon,Marg Krishna 5,
4-Dec,Tue,Marg Krishna 5,
5-Dec,Wed,Marg Krishna 6,
6-Dec,Thu,Marg Krishna 7,
7-Dec,Fri,Marg Krishna 8,
8-Dec,Sat,Marg Krishna 9,
9-Dec,Sun,Marg Krishna 11,
10-Dec,Mon,Marg Krishna 12,
11-Dec,Tue,Marg Krishna 13,
12-Dec,Wed,Marg Krishna 14,
13-Dec,Thu,Marg Amavasya,
14-Dec,Fri,Marg Shukla 1,
15-Dec,Sat,Marg Shukla 3,Sankranti
16-Dec,Sun,Marg Shukla 4,
17-Dec,Mon,Marg Shukla 5,
18-Dec,Tue,Marg Shukla 6,
19-Dec,Wed,Marg Shukla 7,
20-Dec,Thu,Marg Shukla 8,
21-Dec,Fri,Marg Shukla 9,
22-Dec,Sat,Marg Shukla 10,
23-Dec,Sun,Marg Shukla 11,
24-Dec,Mon,Marg Shukla 12,
25-Dec,Tue,Marg Shukla 12,
26-Dec,Wed,Marg Shukla 13,
27-Dec,Thu,Marg Shukla 14,
28-Dec,Fri,Marg Purnima,
29-Dec,Sat,Paush Krishna 1,
30-Dec,Sun,Paush Krishna 2,
31-Dec,Mon,Paush Krishna 3,
1-Jan,Tue,Paush Krishna 4,
2-Jan,Wed,Paush Krishna 5,
3-Jan,Thu,Paush Krishna 6,
4-Jan,Fri,Paush Krishna 7,
5-Jan,Sat,Paush Krishna 8,
6-Jan,Sun,Paush Krishna 9,
7-Jan,Mon,Paush Krishna 10,
8-Jan,Tue,Paush Krishna 11,
9-Jan,Wed,Paush Krishna 12,
10-Jan,Thu,Paush Krishna 13,
11-Jan,Fri,Paush Amavasya,Khichri Mavas
12-Jan,Sat,Paush Shukla 1,
13-Jan,Sun,Paush Shukla 2,
14-Jan,Mon,Paush Shukla 3,Sankranti
15-Jan,Tue,Paush Shukla 4,
16-Jan,Wed,Paush Shukla 5,
17-Jan,Thu,Paush Shukla 6,
18-Jan,Fri,Paush Shukla 7,
19-Jan,Sat,Paush Shukla 8,
20-Jan,Sun,Paush Shukla 9,
21-Jan,Mon,Paush Shukla 10,
22-Jan,Tue,Paush Shukla 11,
23-Jan,Wed,Paush Shukla 12,
24-Jan,Thu,Paush Shukla 13,
25-Jan,Fri,Paush Shukla 14,
26-Jan,Sat,Paush Shukla 14,
27-Jan,Sun,Paush Purnima,
28-Jan,Mon,Magh Krishna 1,
29-Jan,Tue,Magh Krishna 2,
30-Jan,Wed,Magh Krishna 3,
31-Jan,Thu,Magh Krishna 4,
1-Feb,Fri,Magh Krishna 5,
2-Feb,Sat,Magh Krishna 6,
3-Feb,Sun,Magh Krishna 7,Sahib Satam
4-Feb,Mon,Magh Krishna 9,
5-Feb,Tue,Magh Krishna 10,
6-Feb,Wed,Magh Krishna 11,
7-Feb,Thu,Magh Krishna 12,
8-Feb,Fri,Magh Krishna 13,Shiv Chaturdashi
9-Feb,Sat,Magh Krishna 14,
10-Feb,Sun,Magh Amavasya,
11-Feb,Mon,Magh Shukla 1,
12-Feb,Tue,Magh Shukla 2,Sankranti
13-Feb,Wed,Magh Shukla 3,Gor Trey
14-Feb,Thu,Magh Shukla 4,
15-Feb,Fri,Magh Shukla 5,Basant Panchami
16-Feb,Sat,Magh Shukla 6,
17-Feb,Sun,Magh Shukla 7,
18-Feb,Mon,Magh Shukla 8,
19-Feb,Tue,Magh Shukla 9,
20-Feb,Wed,Magh Shukla 10,
21-Feb,Thu,Magh Shukla 11,Bhimsen Kah
22-Feb,Fri,Magh Shukla 12,
23-Feb,Sat,Magh Shukla 13,
24-Feb,Sun,Magh Shukla 14,
25-Feb,Mon,Magh Purnima,Magh Punim
26-Feb,Tue,Phalgun Krishna 1,Huri Okdoh
27-Feb,Wed,Phalgun Krishna 2,
28-Feb,Thu,Phalgun Krishna 3,
1-Mar,Fri,Phalgun Krishna 4,
2-Mar,Sat,Phalgun Krishna 5,
3-Mar,Sun,Phalgun Krishna 6,
4-Mar,Mon,Phalgun Krishna 7,
5-Mar,Tue,Phalgun Krishna 8,
6-Mar,Wed,Phalgun Krishna 9,
7-Mar,Thu,Phalgun Krishna 10,
8-Mar,Fri,Phalgun Krishna 11,
9-Mar,Sat,Phalgun Krishna 13,Shivratri
10-Mar,Sun,Phalgun Krishna 14,
11-Mar,Mon,Phalgun Amavasya,Dooni Mavas
12-Mar,Tue,Phalgun Shukla 1,
13-Mar,Wed,Phalgun Shukla 2,Thal Barun
14-Mar,Thu,Phalgun Shukla 3,"Sankranti, Sonth"
15-Mar,Fri,Phalgun Shukla 4,
16-Mar,Sat,Phalgun Shukla 5,
17-Mar,Sun,Phalgun Shukla 6,
18-Mar,Mon,Phalgun Shukla 6,
19-Mar,Tue,Phalgun Shukla 7,
20-Mar,Wed,Phalgun Shukla 8,
21-Mar,Thu,Phalgun Shukla 9,
22-Mar,Fri,Phalgun Shukla 10,
23-Mar,Sat,Phalgun Shukla 11,
24-Mar,Sun,Phalgun Shukla 12,
25-Mar,Mon,Phalgun Shukla 13,
26-Mar,Tue,Phalgun Shukla 14,
27-Mar,Wed,Phalgun Purnima,Holi
28-Mar,Thu,Chaitra Krishna 1,
29-Mar,Fri,Chaitra Krishna 2,
30-Mar,Sat,Chaitra Krishna 3,
31-Mar,Sun,Chaitra Krishna 5,
1-Apr,Mon,Chaitra Krishna 6,
2-Apr,Tue,Chaitra Krishna 7,
3-Apr,Wed,Chaitra Krishna 8,
4-Apr,Thu,Chaitra Krishna 9,
5-Apr,Fri,Chaitra Krishna 10,
6-Apr,Sat,Chaitra Krishna 11,
7-Apr,Sun,Chaitra Krishna 12,
8-Apr,Mon,Chaitra Krishna 13,
9-Apr,Tue,Chaitra Krishna 14,
10-Apr,Wed,Chaitra Amavasya,Thal Barun
11-Apr,Thu,Chaitra Shukla 1,Navreh
,,,
,,,
Questions? Comments? Send a mail to,,,
